REVIEW_DATE,TRIP_ID,COMPANY_NAME,SHIP_NAME,DESTINATION_NAME,DEAL_ID,PRICE,DURATION,PRICE_PER_DAY,RATING
2019-01-01,4100,MSC Cruises,MSC Seaside,St. Thomas,10000,1930,8,241.25,4.8
2019-01-08,4101,Celebrity Cruises,Celebrity Apex,Athens,10001,2038,8,254.75,4.1
2019-01-15,4102,Celebrity Cruises,Celebrity Apex,Barcelona,10002,930,10,93.0,4.0
2019-01-22,4103,Norwegian Cruise Line,Norwegian Encore,Barcelona,10003,1605,7,229.29,4.0
2019-01-29,4104,MSC Cruises,MSC Seaside,St. Thomas,10004,1259,5,251.8,4.6
2019-02-05,4105,Celebrity Cruises,Celebrity Apex,Barcelona,10005,2384,5,476.8,4.5
2019-02-12,4106,Norwegian Cruise Line,Norwegian Encore,Barcelona,10006,1775,10,177.5,4.2
2019-02-19,4107,Carnival Cruise Line,Carnival Mardi Gras,Barcelona,10007,2067,8,258.38,4.6
2019-02-26,4108,Carnival Cruise Line,Carnival Mardi Gras,St. Thomas,10008,1446,8,180.75,4.2
2019-03-05,4109,Norwegian Cruise Line,Norwegian Encore,Barcelona,10009,1115,5,223.0,4.6
2019-03-12,4110,Norwegian Cruise Line,Norwegian Encore,Bahamas,10010,1364,7,194.86,4.2
2019-03-19,4111,MSC Cruises,MSC Seaside,Barcelona,10011,2251,8,281.38,4.5
2019-03-26,4112,Carnival Cruise Line,Carnival Mardi Gras,Bahamas,10012,2385,10,238.5,4.7
2019-04-02,4113,Norwegian Cruise Line,Norwegian Encore,Athens,10013,2300,10,230.0,5.0
2019-04-09,4114,Norwegian Cruise Line,Norwegian Encore,Barcelona,10014,1001,7,143.0,4.9
2019-04-16,4115,MSC Cruises,MSC Seaside,Bahamas,10015,1095,7,156.43,4.8
2019-04-23,4116,Celebrity Cruises,Celebrity Apex,Athens,10016,1876,8,234.5,4.6
2019-04-30,4117,Royal Caribbean,Wonder of the Seas,Barcelona,10017,1179,10,117.9,4.3
2019-05-07,4118,Celebrity Cruises,Celebrity Apex,St. Thomas,10018,1320,5,264.0,4.8
2019-05-14,4119,MSC Cruises,MSC Seaside,Santorini,10019,1392,8,174.0,4.7
2019-05-21,4120,Carnival Cruise Line,Carnival Mardi Gras,Bahamas,10020,2313,8,289.12,4.4
2019-05-28,4121,Royal Caribbean,Wonder of the Seas,Barcelona,10021,1000,8,125.0,4.6
2019-06-04,4122,Norwegian Cruise Line,Norwegian Encore,Bahamas,10022,1302,10,130.2,4.3
2019-06-11,4123,Celebrity Cruises,Celebrity Apex,Santorini,10023,1525,10,152.5,4.9
2019-06-18,4124,Royal Caribbean,Wonder of the Seas,Santorini,10024,2285,5,457.0,4.8
2019-06-25,4125,Celebrity Cruises,Celebrity Apex,Athens,10025,1566,8,195.75,4.3
2019-07-02,4126,Carnival Cruise Line,Carnival Mardi Gras,Bahamas,10026,1838,8,229.75,4.1
2019-07-09,4127,MSC Cruises,MSC Seaside,St. Thomas,10027,2398,8,299.75,4.9
2019-07-16,4128,Royal Caribbean,Wonder of the Seas,Barcelona,10028,895,5,179.0,4.7
2019-07-23,4129,Celebrity Cruises,Celebrity Apex,St. Thomas,10029,1994,8,249.25,4.2
2019-07-30,4130,Celebrity Cruises,Celebrity Apex,Santorini,10030,1909,8,238.62,4.9
2019-08-06,4131,Norwegian Cruise Line,Norwegian Encore,St. Thomas,10031,1812,7,258.86,4.9
2019-08-13,4132,MSC Cruises,MSC Seaside,Barcelona,10032,2163,10,216.3,4.9
2019-08-20,4133,Carnival Cruise Line,Carnival Mardi Gras,Athens,10033,2171,8,271.38,4.4
2019-08-27,4134,Royal Caribbean,Wonder of the Seas,Bahamas,10034,2106,5,421.2,4.4
2019-09-03,4135,MSC Cruises,MSC Seaside,St. Thomas,10035,2082,5,416.4,4.0
2019-09-10,4136,Carnival Cruise Line,Carnival Mardi Gras,Bahamas,10036,2048,7,292.57,4.1
2019-09-17,4137,MSC Cruises,MSC Seaside,Santorini,10037,2295,7,327.86,4.7
2019-09-24,4138,Royal Caribbean,Wonder of the Seas,Bahamas,10038,1363,7,194.71,4.2
2019-10-01,4139,Norwegian Cruise Line,Norwegian Encore,Santorini,10039,1751,5,350.2,4.0
2019-10-08,4140,Royal Caribbean,Wonder of the Seas,Athens,10040,1019,7,145.57,4.1
2019-10-15,4141,Celebrity Cruises,Celebrity Apex,Bahamas,10041,2226,5,445.2,4.7
2019-10-22,4142,Celebrity Cruises,Celebrity Apex,Barcelona,10042,2239,7,319.86,4.6
2019-10-29,4143,Carnival Cruise Line,Carnival Mardi Gras,Santorini,10043,1566,5,313.2,4.8
2019-11-05,4144,Celebrity Cruises,Celebrity Apex,Barcelona,10044,997,7,142.43,4.4
2019-11-12,4145,Royal Caribbean,Wonder of the Seas,Bahamas,10045,986,10,98.6,4.2
2019-11-19,4146,Celebrity Cruises,Celebrity Apex,Santorini,10046,1563,10,156.3,4.7
2019-11-26,4147,Carnival Cruise Line,Carnival Mardi Gras,Athens,10047,2334,8,291.75,4.2
2019-12-03,4148,MSC Cruises,MSC Seaside,Bahamas,10048,1350,5,270.0,4.9
2019-12-10,4149,Royal Caribbean,Wonder of the Seas,Santorini,10049,1272,10,127.2,4.2
2019-12-17,4150,Norwegian Cruise Line,Norwegian Encore,Santorini,10050,943,8,117.88,4.8
2019-12-24,4151,Royal Caribbean,Wonder of the Seas,Barcelona,10051,1680,10,168.0,4.2
2019-12-31,4152,MSC Cruises,MSC Seaside,St. Thomas,10052,1983,5,396.6,4.6
2020-01-07,4153,Royal Caribbean,Wonder of the Seas,Bahamas,10053,1615,8,201.88,4.8
2020-01-14,4154,MSC Cruises,MSC Seaside,Bahamas,10054,1427,10,142.7,4.1
2020-01-21,4155,MSC Cruises,MSC Seaside,Barcelona,10055,2050,7,292.86,4.4
2020-01-28,4156,Royal Caribbean,Wonder of the Seas,Santorini,10056,1713,5,342.6,4.2
2020-02-04,4157,Norwegian Cruise Line,Norwegian Encore,Athens,10057,1986,7,283.71,4.7
2020-02-11,4158,Royal Caribbean,Wonder of the Seas,Barcelona,10058,1600,5,320.0,4.5
2020-02-18,4159,MSC Cruises,MSC Seaside,Santorini,10059,1439,5,287.8,4.6
2020-02-25,4160,MSC Cruises,MSC Seaside,Santorini,10060,1269,8,158.62,4.3
2020-03-03,4161,Celebrity Cruises,Celebrity Apex,Santorini,10061,2106,7,300.86,4.4
2020-03-10,4162,Celebrity Cruises,Celebrity Apex,Bahamas,10062,1678,10,167.8,4.5
2020-03-17,4163,Celebrity Cruises,Celebrity Apex,Barcelona,10063,1615,5,323.0,4.3
2020-03-24,4164,Carnival Cruise Line,Carnival Mardi Gras,Bahamas,10064,816,10,81.6,5.0
2020-03-31,4165,Celebrity Cruises,Celebrity Apex,St. Thomas,10065,898,7,128.29,4.7
2020-04-07,4166,Celebrity Cruises,Celebrity Apex,St. Thomas,10066,1101,5,220.2,5.0
2020-04-14,4167,Carnival Cruise Line,Carnival Mardi Gras,Barcelona,10067,1939,5,387.8,4.3
2020-04-21,4168,Celebrity Cruises,Celebrity Apex,Bahamas,10068,2146,10,214.6,4.2
2020-04-28,4169,Royal Caribbean,Wonder of the Seas,Athens,10069,1365,8,170.62,4.7
2020-05-05,4170,Norwegian Cruise Line,Norwegian Encore,Athens,10070,954,8,119.25,4.3
2020-05-12,4171,Norwegian Cruise Line,Norwegian Encore,Bahamas,10071,2216,10,221.6,4.7
2020-05-19,4172,Celebrity Cruises,Celebrity Apex,Athens,10072,1337,8,167.12,4.8
2020-05-26,4173,Royal Caribbean,Wonder of the Seas,St. Thomas,10073,2329,10,232.9,4.0
2020-06-02,4174,MSC Cruises,MSC Seaside,St. Thomas,10074,1120,10,112.0,4.1
2020-06-09,4175,MSC Cruises,MSC Seaside,Santorini,10075,1966,8,245.75,4.4
2020-06-16,4176,Norwegian Cruise Line,Norwegian Encore,Santorini,10076,1374,5,274.8,5.0
2020-06-23,4177,Norwegian Cruise Line,Norwegian Encore,Athens,10077,1104,7,157.71,4.0
2020-06-30,4178,Carnival Cruise Line,Carnival Mardi Gras,Barcelona,10078,1792,5,358.4,4.8
2020-07-07,4179,MSC Cruises,MSC Seaside,Barcelona,10079,804,10,80.4,4.5
2020-07-14,4180,Celebrity Cruises,Celebrity Apex,Barcelona,10080,846,7,120.86,4.7
2020-07-21,4181,MSC Cruises,MSC Seaside,St. Thomas,10081,1435,7,205.0,4.7
2020-07-28,4182,Carnival Cruise Line,Carnival Mardi Gras,Bahamas,10082,1630,10,163.0,4.4
2020-08-04,4183,Norwegian Cruise Line,Norwegian Encore,Athens,10083,2297,5,459.4,5.0
2020-08-11,4184,Royal Caribbean,Wonder of the Seas,Barcelona,10084,1881,5,376.2,4.9
2020-08-18,4185,Norwegian Cruise Line,Norwegian Encore,Bahamas,10085,2060,10,206.0,4.3
2020-08-25,4186,Celebrity Cruises,Celebrity Apex,St. Thomas,10086,1660,7,237.14,4.4
2020-09-01,4187,MSC Cruises,MSC Seaside,Athens,10087,2258,10,225.8,4.8
2020-09-08,4188,Royal Caribbean,Wonder of the Seas,St. Thomas,10088,2043,7,291.86,4.0
2020-09-15,4189,Royal Caribbean,Wonder of the Seas,Barcelona,10089,2027,5,405.4,4.0
2020-09-22,4190,Norwegian Cruise Line,Norwegian Encore,St. Thomas,10090,2112,8,264.0,4.5
2020-09-29,4191,Celebrity Cruises,Celebrity Apex,Athens,10091,1923,7,274.71,4.0
2020-10-06,4192,Norwegian Cruise Line,Norwegian Encore,Athens,10092,1241,8,155.12,4.5
2020-10-13,4193,Celebrity Cruises,Celebrity Apex,St. Thomas,10093,1839,10,183.9,4.1
2020-10-20,4194,Norwegian Cruise Line,Norwegian Encore,Bahamas,10094,1695,10,169.5,4.6
2020-10-27,4195,MSC Cruises,MSC Seaside,Barcelona,10095,1179,7,168.43,4.1
2020-11-03,4196,Celebrity Cruises,Celebrity Apex,Santorini,10096,2091,8,261.38,4.4
2020-11-10,4197,Royal Caribbean,Wonder of the Seas,Athens,10097,2379,8,297.38,4.3
2020-11-17,4198,MSC Cruises,MSC Seaside,Athens,10098,1298,5,259.6,4.6
2020-11-24,4199,Royal Caribbean,Wonder of the Seas,Athens,10099,1404,10,140.4,4.8
2020-12-01,4200,Norwegian Cruise Line,Norwegian Encore,Athens,10100,1416,8,177.0,4.5
2020-12-08,4201,Norwegian Cruise Line,Norwegian Encore,St. Thomas,10101,2316,7,330.86,4.9
2020-12-15,4202,MSC Cruises,MSC Seaside,Bahamas,10102,1820,5,364.0,4.3
2020-12-22,4203,Norwegian Cruise Line,Norwegian Encore,St. Thomas,10103,1719,5,343.8,4.8
2020-12-29,4204,Royal Caribbean,Wonder of the Seas,Santorini,10104,2371,10,237.1,4.4
2021-01-05,4205,Celebrity Cruises,Celebrity Apex,Barcelona,10105,2348,5,469.6,4.7
2021-01-12,4206,Carnival Cruise Line,Carnival Mardi Gras,Bahamas,10106,2096,7,299.43,4.5
2021-01-19,4207,MSC Cruises,MSC Seaside,Bahamas,10107,1196,7,170.86,4.9
2021-01-26,4208,Royal Caribbean,Wonder of the Seas,Barcelona,10108,1244,10,124.4,4.9
2021-02-02,4209,MSC Cruises,MSC Seaside,Bahamas,10109,1517,8,189.62,4.7
2021-02-09,4210,MSC Cruises,MSC Seaside,Santorini,10110,2190,7,312.86,4.1
2021-02-16,4211,Celebrity Cruises,Celebrity Apex,Santorini,10111,1848,10,184.8,4.6
2021-02-23,4212,Celebrity Cruises,Celebrity Apex,Barcelona,10112,1974,5,394.8,4.8
2021-03-02,4213,Celebrity Cruises,Celebrity Apex,St. Thomas,10113,2009,7,287.0,4.1
2021-03-09,4214,Norwegian Cruise Line,Norwegian Encore,St. Thomas,10114,2038,8,254.75,4.5
2021-03-16,4215,Carnival Cruise Line,Carnival Mardi Gras,Athens,10115,1387,8,173.38,4.7
2021-03-23,4216,Norwegian Cruise Line,Norwegian Encore,Barcelona,10116,2076,5,415.2,4.8
2021-03-30,4217,Celebrity Cruises,Celebrity Apex,Athens,10117,1745,5,349.0,4.9
2021-04-06,4218,Norwegian Cruise Line,Norwegian Encore,St. Thomas,10118,1988,5,397.6,4.2
2021-04-13,4219,Celebrity Cruises,Celebrity Apex,Bahamas,10119,1299,7,185.57,4.2
2021-04-20,4220,Royal Caribbean,Wonder of the Seas,St. Thomas,10120,1893,10,189.3,4.7
2021-04-27,4221,Carnival Cruise Line,Carnival Mardi Gras,St. Thomas,10121,2005,10,200.5,4.7
2021-05-04,4222,Norwegian Cruise Line,Norwegian Encore,Athens,10122,838,8,104.75,4.4
2021-05-11,4223,Celebrity Cruises,Celebrity Apex,St. Thomas,10123,2043,7,291.86,4.6
2021-05-18,4224,MSC Cruises,MSC Seaside,Barcelona,10124,1628,10,162.8,4.8
2021-05-25,4225,Royal Caribbean,Wonder of the Seas,Santorini,10125,1147,5,229.4,5.0
2021-06-01,4226,MSC Cruises,MSC Seaside,Bahamas,10126,1623,5,324.6,4.5
2021-06-08,4227,Celebrity Cruises,Celebrity Apex,Athens,10127,1484,10,148.4,5.0
2021-06-15,4228,Celebrity Cruises,Celebrity Apex,St. Thomas,10128,1685,10,168.5,4.9
2021-06-22,4229,MSC Cruises,MSC Seaside,St. Thomas,10129,2050,10,205.0,4.7
2021-06-29,4230,Royal Caribbean,Wonder of the Seas,Athens,10130,2056,8,257.0,4.2
2021-07-06,4231,Royal Caribbean,Wonder of the Seas,St. Thomas,10131,2082,7,297.43,4.9
2021-07-13,4232,Royal Caribbean,Wonder of the Seas,Santorini,10132,2153,10,215.3,5.0
2021-07-20,4233,MSC Cruises,MSC Seaside,Barcelona,10133,1831,5,366.2,4.2
2021-07-27,4234,MSC Cruises,MSC Seaside,Athens,10134,1497,10,149.7,4.2
2021-08-03,4235,MSC Cruises,MSC Seaside,Barcelona,10135,840,5,168.0,4.3
2021-08-10,4236,Carnival Cruise Line,Carnival Mardi Gras,Bahamas,10136,1728,5,345.6,4.4
2021-08-17,4237,Celebrity Cruises,Celebrity Apex,Barcelona,10137,1724,10,172.4,4.1
2021-08-24,4238,Carnival Cruise Line,Carnival Mardi Gras,St. Thomas,10138,1682,7,240.29,4.7
2021-08-31,4239,Royal Caribbean,Wonder of the Seas,Athens,10139,1623,7,231.86,4.9
2021-09-07,4240,Carnival Cruise Line,Carnival Mardi Gras,St. Thomas,10140,1942,5,388.4,4.4
2021-09-14,4241,Royal Caribbean,Wonder of the Seas,Athens,10141,2062,10,206.2,4.2
2021-09-21,4242,Celebrity Cruises,Celebrity Apex,Athens,10142,2040,8,255.0,5.0
2021-09-28,4243,Carnival Cruise Line,Carnival Mardi Gras,Bahamas,10143,904,5,180.8,4.4
2021-10-05,4244,Royal Caribbean,Wonder of the Seas,St. Thomas,10144,1622,10,162.2,4.9
2021-10-12,4245,Royal Caribbean,Wonder of the Seas,St. Thomas,10145,1570,8,196.25,4.6
2021-10-19,4246,Celebrity Cruises,Celebrity Apex,St. Thomas,10146,1513,5,302.6,4.8
2021-10-26,4247,Royal Caribbean,Wonder of the Seas,St. Thomas,10147,1256,7,179.43,4.1
2021-11-02,4248,Carnival Cruise Line,Carnival Mardi Gras,St. Thomas,10148,2269,5,453.8,4.9
2021-11-09,4249,Norwegian Cruise Line,Norwegian Encore,Barcelona,10149,1895,8,236.88,4.0
2021-11-16,4250,Norwegian Cruise Line,Norwegian Encore,Athens,10150,917,7,131.0,4.8
2021-11-23,4251,Norwegian Cruise Line,Norwegian Encore,Barcelona,10151,1877,5,375.4,5.0
2021-11-30,4252,Carnival Cruise Line,Carnival Mardi Gras,Bahamas,10152,1423,5,284.6,4.5
2021-12-07,4253,Celebrity Cruises,Celebrity Apex,St. Thomas,10153,1377,7,196.71,4.8
2021-12-14,4254,MSC Cruises,MSC Seaside,Athens,10154,2129,7,304.14,4.6
2021-12-21,4255,Carnival Cruise Line,Carnival Mardi Gras,Santorini,10155,2131,8,266.38,4.5
2021-12-28,4256,Royal Caribbean,Wonder of the Seas,Barcelona,10156,1558,7,222.57,4.5
2022-01-04,4257,Royal Caribbean,Wonder of the Seas,St. Thomas,10157,1699,5,339.8,4.5
2022-01-11,4258,Royal Caribbean,Wonder of the Seas,Athens,10158,2331,5,466.2,4.1
2022-01-18,4259,Celebrity Cruises,Celebrity Apex,Athens,10159,852,7,121.71,4.3
2022-01-25,4260,Carnival Cruise Line,Carnival Mardi Gras,Santorini,10160,910,10,91.0,4.1
2022-02-01,4261,Carnival Cruise Line,Carnival Mardi Gras,Barcelona,10161,1699,10,169.9,4.3
2022-02-08,4262,Carnival Cruise Line,Carnival Mardi Gras,Santorini,10162,892,8,111.5,5.0
2022-02-15,4263,Celebrity Cruises,Celebrity Apex,Athens,10163,2226,8,278.25,4.8
2022-02-22,4264,Norwegian Cruise Line,Norwegian Encore,Barcelona,10164,1333,7,190.43,4.1
2022-03-01,4265,Royal Caribbean,Wonder of the Seas,St. Thomas,10165,1323,5,264.6,4.2
2022-03-08,4266,Norwegian Cruise Line,Norwegian Encore,Bahamas,10166,1896,7,270.86,4.1
2022-03-15,4267,Royal Caribbean,Wonder of the Seas,Santorini,10167,847,8,105.88,4.1
2022-03-22,4268,Norwegian Cruise Line,Norwegian Encore,Barcelona,10168,807,5,161.4,4.7
2022-03-29,4269,Celebrity Cruises,Celebrity Apex,Barcelona,10169,1102,8,137.75,4.4
2022-04-05,4270,Norwegian Cruise Line,Norwegian Encore,Barcelona,10170,877,8,109.62,4.5
2022-04-12,4271,Celebrity Cruises,Celebrity Apex,Athens,10171,1498,7,214.0,4.3
2022-04-19,4272,Carnival Cruise Line,Carnival Mardi Gras,Santorini,10172,2331,8,291.38,4.1
2022-04-26,4273,Norwegian Cruise Line,Norwegian Encore,Santorini,10173,1838,8,229.75,4.1
2022-05-03,4274,Celebrity Cruises,Celebrity Apex,Barcelona,10174,1862,7,266.0,4.3
2022-05-10,4275,Norwegian Cruise Line,Norwegian Encore,Barcelona,10175,944,5,188.8,4.3
2022-05-17,4276,Royal Caribbean,Wonder of the Seas,Barcelona,10176,866,7,123.71,4.6
2022-05-24,4277,Norwegian Cruise Line,Norwegian Encore,Barcelona,10177,2293,8,286.62,4.6
2022-05-31,4278,Royal Caribbean,Wonder of the Seas,Barcelona,10178,2377,8,297.12,4.3
2022-06-07,4279,MSC Cruises,MSC Seaside,Athens,10179,2266,10,226.6,4.4
2022-06-14,4280,Celebrity Cruises,Celebrity Apex,St. Thomas,10180,2112,5,422.4,4.0
2022-06-21,4281,Celebrity Cruises,Celebrity Apex,Barcelona,10181,1642,7,234.57,4.1
2022-06-28,4282,Royal Caribbean,Wonder of the Seas,Santorini,10182,1342,8,167.75,4.4
2022-07-05,4283,MSC Cruises,MSC Seaside,Athens,10183,874,10,87.4,4.9
2022-07-12,4284,Royal Caribbean,Wonder of the Seas,Santorini,10184,2264,7,323.43,4.7
2022-07-19,4285,Carnival Cruise Line,Carnival Mardi Gras,Athens,10185,972,8,121.5,4.8
2022-07-26,4286,Norwegian Cruise Line,Norwegian Encore,Barcelona,10186,1523,8,190.38,4.5
2022-08-02,4287,Royal Caribbean,Wonder of the Seas,Barcelona,10187,800,8,100.0,4.6
2022-08-09,4288,Celebrity Cruises,Celebrity Apex,Santorini,10188,1644,8,205.5,4.5
2022-08-16,4289,Royal Caribbean,Wonder of the Seas,Athens,10189,809,10,80.9,4.5
2022-08-23,4290,Norwegian Cruise Line,Norwegian Encore,Barcelona,10190,812,7,116.0,4.7
2022-08-30,4291,MSC Cruises,MSC Seaside,Bahamas,10191,1128,8,141.0,4.8
2022-09-06,4292,Carnival Cruise Line,Carnival Mardi Gras,Santorini,10192,1918,7,274.0,4.9
2022-09-13,4293,MSC Cruises,MSC Seaside,Barcelona,10193,1133,7,161.86,4.9
2022-09-20,4294,Carnival Cruise Line,Carnival Mardi Gras,Bahamas,10194,1387,7,198.14,4.4
2022-09-27,4295,Royal Caribbean,Wonder of the Seas,Barcelona,10195,2172,10,217.2,4.1
2022-10-04,4296,Royal Caribbean,Wonder of the Seas,St. Thomas,10196,1597,7,228.14,4.8
2022-10-11,4297,Celebrity Cruises,Celebrity Apex,St. Thomas,10197,2202,8,275.25,4.6
2022-10-18,4298,MSC Cruises,MSC Seaside,Bahamas,10198,1865,5,373.0,4.4
2022-10-25,4299,Carnival Cruise Line,Carnival Mardi Gras,St. Thomas,10199,1846,7,263.71,4.4
2022-11-01,4300,Royal Caribbean,Wonder of the Seas,Bahamas,10200,2048,5,409.6,4.4
2022-11-08,4301,Norwegian Cruise Line,Norwegian Encore,St. Thomas,10201,903,10,90.3,4.6
2022-11-15,4302,Carnival Cruise Line,Carnival Mardi Gras,Santorini,10202,2002,8,250.25,4.3
2022-11-22,4303,MSC Cruises,MSC Seaside,St. Thomas,10203,1277,5,255.4,4.9
2022-11-29,4304,MSC Cruises,MSC Seaside,St. Thomas,10204,2264,7,323.43,4.3
2022-12-06,4305,Celebrity Cruises,Celebrity Apex,Santorini,10205,1088,8,136.0,4.0
2022-12-13,4306,Norwegian Cruise Line,Norwegian Encore,Athens,10206,1664,5,332.8,4.1
2022-12-20,4307,Celebrity Cruises,Celebrity Apex,Barcelona,10207,1015,5,203.0,4.6
2022-12-27,4308,Celebrity Cruises,Celebrity Apex,St. Thomas,10208,846,5,169.2,4.4
2023-01-03,4309,Celebrity Cruises,Celebrity Apex,Athens,10209,894,8,111.75,4.6
2023-01-10,4310,MSC Cruises,MSC Seaside,Barcelona,10210,2106,7,300.86,4.3
2023-01-17,4311,Carnival Cruise Line,Carnival Mardi Gras,Athens,10211,1349,10,134.9,4.2
2023-01-24,4312,Norwegian Cruise Line,Norwegian Encore,Santorini,10212,1017,10,101.7,4.6
2023-01-31,4313,Norwegian Cruise Line,Norwegian Encore,Bahamas,10213,1627,5,325.4,4.6
2023-02-07,4314,MSC Cruises,MSC Seaside,Barcelona,10214,2147,10,214.7,4.8
2023-02-14,4315,Celebrity Cruises,Celebrity Apex,Athens,10215,1403,5,280.6,4.4
2023-02-21,4316,Royal Caribbean,Wonder of the Seas,Santorini,10216,2285,5,457.0,4.9
2023-02-28,4317,Carnival Cruise Line,Carnival Mardi Gras,Bahamas,10217,2228,7,318.29,4.2
2023-03-07,4318,MSC Cruises,MSC Seaside,Bahamas,10218,1366,5,273.2,4.2
2023-03-14,4319,Celebrity Cruises,Celebrity Apex,Bahamas,10219,1960,5,392.0,4.2
2023-03-21,4320,Royal Caribbean,Wonder of the Seas,St. Thomas,10220,1736,7,248.0,4.1
2023-03-28,4321,MSC Cruises,MSC Seaside,Bahamas,10221,874,7,124.86,4.9
2023-04-04,4322,Norwegian Cruise Line,Norwegian Encore,Santorini,10222,1146,7,163.71,4.5
2023-04-11,4323,Carnival Cruise Line,Carnival Mardi Gras,Santorini,10223,1562,10,156.2,4.1
2023-04-18,4324,Royal Caribbean,Wonder of the Seas,Barcelona,10224,2324,7,332.0,4.9
2023-04-25,4325,Royal Caribbean,Wonder of the Seas,St. Thomas,10225,1802,8,225.25,4.6
2023-05-02,4326,MSC Cruises,MSC Seaside,Athens,10226,1872,5,374.4,4.2
2023-05-09,4327,MSC Cruises,MSC Seaside,Bahamas,10227,947,5,189.4,4.4
2023-05-16,4328,MSC Cruises,MSC Seaside,St. Thomas,10228,1360,10,136.0,4.3
2023-05-23,4329,Celebrity Cruises,Celebrity Apex,Santorini,10229,1751,8,218.88,4.9
2023-05-30,4330,Celebrity Cruises,Celebrity Apex,Bahamas,10230,2300,5,460.0,4.5
2023-06-06,4331,Carnival Cruise Line,Carnival Mardi Gras,Athens,10231,1389,5,277.8,4.7
2023-06-13,4332,Norwegian Cruise Line,Norwegian Encore,Athens,10232,1787,7,255.29,4.5
2023-06-20,4333,Carnival Cruise Line,Carnival Mardi Gras,Barcelona,10233,2087,5,417.4,4.9
2023-06-27,4334,Carnival Cruise Line,Carnival Mardi Gras,Athens,10234,961,7,137.29,4.4
2023-07-04,4335,MSC Cruises,MSC Seaside,Athens,10235,2172,8,271.5,4.4
2023-07-11,4336,Royal Caribbean,Wonder of the Seas,Santorini,10236,1242,10,124.2,4.5
2023-07-18,4337,Royal Caribbean,Wonder of the Seas,St. Thomas,10237,1874,8,234.25,4.7
2023-07-25,4338,Norwegian Cruise Line,Norwegian Encore,Santorini,10238,1911,10,191.1,4.7
2023-08-01,4339,Carnival Cruise Line,Carnival Mardi Gras,Barcelona,10239,964,10,96.4,4.1
2023-08-08,4340,Norwegian Cruise Line,Norwegian Encore,Athens,10240,950,8,118.75,4.8
2023-08-15,4341,Celebrity Cruises,Celebrity Apex,Santorini,10241,2108,10,210.8,4.4
2023-08-22,4342,Norwegian Cruise Line,Norwegian Encore,Bahamas,10242,1508,8,188.5,4.3
2023-08-29,4343,Norwegian Cruise Line,Norwegian Encore,Athens,10243,1270,8,158.75,4.0
2023-09-05,4344,MSC Cruises,MSC Seaside,St. Thomas,10244,1733,5,346.6,4.8
2023-09-12,4345,Royal Caribbean,Wonder of the Seas,Athens,10245,1739,5,347.8,4.2
2023-09-19,4346,Norwegian Cruise Line,Norwegian Encore,Barcelona,10246,1392,10,139.2,4.9
2023-09-26,4347,Carnival Cruise Line,Carnival Mardi Gras,Bahamas,10247,1938,7,276.86,4.5
2023-10-03,4348,Royal Caribbean,Wonder of the Seas,Athens,10248,2104,5,420.8,4.3
2023-10-10,4349,Carnival Cruise Line,Carnival Mardi Gras,Barcelona,10249,1241,7,177.29,4.9
2023-10-17,4350,Norwegian Cruise Line,Norwegian Encore,St. Thomas,10250,1637,8,204.62,4.9
2023-10-24,4351,Celebrity Cruises,Celebrity Apex,Athens,10251,840,10,84.0,4.3
2023-10-31,4352,Royal Caribbean,Wonder of the Seas,St. Thomas,10252,1797,5,359.4,4.8
2023-11-07,4353,Celebrity Cruises,Celebrity Apex,Athens,10253,826,7,118.0,4.9
2023-11-14,4354,Carnival Cruise Line,Carnival Mardi Gras,Athens,10254,1620,10,162.0,4.2
2023-11-21,4355,Celebrity Cruises,Celebrity Apex,Bahamas,10255,1780,7,254.29,4.4
2023-11-28,4356,Norwegian Cruise Line,Norwegian Encore,Athens,10256,2186,10,218.6,4.2
2023-12-05,4357,Celebrity Cruises,Celebrity Apex,Barcelona,10257,1593,8,199.12,4.1
2023-12-12,4358,Carnival Cruise Line,Carnival Mardi Gras,Santorini,10258,1475,10,147.5,4.7
2023-12-19,4359,Carnival Cruise Line,Carnival Mardi Gras,Athens,10259,1422,8,177.75,5.0
2023-12-26,4360,Celebrity Cruises,Celebrity Apex,Bahamas,10260,2371,7,338.71,4.5
2024-01-02,4361,Carnival Cruise Line,Carnival Mardi Gras,Santorini,10261,2314,10,231.4,4.8
2024-01-09,4362,Carnival Cruise Line,Carnival Mardi Gras,St. Thomas,10262,1281,8,160.12,4.6
2024-01-16,4363,Norwegian Cruise Line,Norwegian Encore,St. Thomas,10263,1512,5,302.4,4.4
2024-01-23,4364,Royal Caribbean,Wonder of the Seas,Bahamas,10264,1738,5,347.6,4.6
2024-01-30,4365,Royal Caribbean,Wonder of the Seas,Santorini,10265,2321,8,290.12,4.8
2024-02-06,4366,MSC Cruises,MSC Seaside,Santorini,10266,901,7,128.71,4.6
2024-02-13,4367,Carnival Cruise Line,Carnival Mardi Gras,St. Thomas,10267,1616,10,161.6,4.1
2024-02-20,4368,Norwegian Cruise Line,Norwegian Encore,Bahamas,10268,2320,8,290.0,4.2
2024-02-27,4369,Carnival Cruise Line,Carnival Mardi Gras,St. Thomas,10269,2308,5,461.6,4.7
2024-03-05,4370,Royal Caribbean,Wonder of the Seas,Athens,10270,2091,5,418.2,4.2
2024-03-12,4371,Norwegian Cruise Line,Norwegian Encore,Bahamas,10271,2361,5,472.2,4.0
2024-03-19,4372,Norwegian Cruise Line,Norwegian Encore,Bahamas,10272,1780,8,222.5,4.5
2024-03-26,4373,Celebrity Cruises,Celebrity Apex,Bahamas,10273,1487,8,185.88,4.1
2024-04-02,4374,Carnival Cruise Line,Carnival Mardi Gras,St. Thomas,10274,2046,7,292.29,4.9
2024-04-09,4375,Carnival Cruise Line,Carnival Mardi Gras,Athens,10275,2313,8,289.12,4.6
2024-04-16,4376,Carnival Cruise Line,Carnival Mardi Gras,Barcelona,10276,1921,10,192.1,4.9
2024-04-23,4377,Carnival Cruise Line,Carnival Mardi Gras,Athens,10277,1782,8,222.75,4.1
2024-04-30,4378,Royal Caribbean,Wonder of the Seas,Barcelona,10278,1781,5,356.2,4.3
2024-05-07,4379,Norwegian Cruise Line,Norwegian Encore,Bahamas,10279,1292,10,129.2,4.6
2024-05-14,4380,Norwegian Cruise Line,Norwegian Encore,Santorini,10280,1345,7,192.14,4.0
2024-05-21,4381,Celebrity Cruises,Celebrity Apex,St. Thomas,10281,2239,7,319.86,4.9
2024-05-28,4382,Carnival Cruise Line,Carnival Mardi Gras,Barcelona,10282,1757,5,351.4,4.1
2024-06-04,4383,Celebrity Cruises,Celebrity Apex,Barcelona,10283,1071,5,214.2,4.9
2024-06-11,4384,Royal Caribbean,Wonder of the Seas,Athens,10284,1720,7,245.71,4.3
2024-06-18,4385,MSC Cruises,MSC Seaside,St. Thomas,10285,802,5,160.4,4.5
2024-06-25,4386,Norwegian Cruise Line,Norwegian Encore,Barcelona,10286,1092,7,156.0,4.0
2024-07-02,4387,Royal Caribbean,Wonder of the Seas,St. Thomas,10287,1384,7,197.71,4.1
2024-07-09,4388,Royal Caribbean,Wonder of the Seas,Barcelona,10288,986,10,98.6,4.9
2024-07-16,4389,Celebrity Cruises,Celebrity Apex,St. Thomas,10289,2203,8,275.38,4.4
2024-07-23,4390,Carnival Cruise Line,Carnival Mardi Gras,St. Thomas,10290,1976,7,282.29,4.7
2024-07-30,4391,MSC Cruises,MSC Seaside,Santorini,10291,2398,10,239.8,4.2
2024-08-06,4392,Carnival Cruise Line,Carnival Mardi Gras,St. Thomas,10292,2153,7,307.57,4.0
2024-08-13,4393,Royal Caribbean,Wonder of the Seas,Athens,10293,1552,5,310.4,5.0
2024-08-20,4394,Celebrity Cruises,Celebrity Apex,St. Thomas,10294,1870,7,267.14,4.2
2024-08-27,4395,Royal Caribbean,Wonder of the Seas,Santorini,10295,2396,10,239.6,4.3
2024-09-03,4396,Carnival Cruise Line,Carnival Mardi Gras,Athens,10296,861,7,123.0,5.0
2024-09-10,4397,Carnival Cruise Line,Carnival Mardi Gras,Santorini,10297,1580,7,225.71,4.2
2024-09-17,4398,Royal Caribbean,Wonder of the Seas,Bahamas,10298,2180,10,218.0,4.1
2024-09-24,4399,Royal Caribbean,Wonder of the Seas,Santorini,10299,1787,8,223.38,4.5
2024-10-01,4400,Carnival Cruise Line,Carnival Mardi Gras,Bahamas,10300,2155,7,307.86,4.0
2024-10-08,4401,Royal Caribbean,Wonder of the Seas,St. Thomas,10301,1754,8,219.25,4.3
2024-10-15,4402,MSC Cruises,MSC Seaside,Santorini,10302,1999,5,399.8,4.5
2024-10-22,4403,Celebrity Cruises,Celebrity Apex,Barcelona,10303,1772,10,177.2,4.9
2024-10-29,4404,Celebrity Cruises,Celebrity Apex,Bahamas,10304,1863,7,266.14,4.9
2024-11-05,4405,Celebrity Cruises,Celebrity Apex,Santorini,10305,2146,7,306.57,4.3
2024-11-12,4406,Norwegian Cruise Line,Norwegian Encore,Santorini,10306,2112,5,422.4,4.9
2024-11-19,4407,Carnival Cruise Line,Carnival Mardi Gras,Barcelona,10307,1370,5,274.0,4.9
2024-11-26,4408,Royal Caribbean,Wonder of the Seas,St. Thomas,10308,1356,8,169.5,4.7
2024-12-03,4409,Norwegian Cruise Line,Norwegian Encore,Barcelona,10309,1221,8,152.62,4.2
2024-12-10,4410,Celebrity Cruises,Celebrity Apex,Santorini,10310,1625,5,325.0,4.5
2024-12-17,4411,Norwegian Cruise Line,Norwegian Encore,Athens,10311,1162,10,116.2,4.2
2024-12-24,4412,Norwegian Cruise Line,Norwegian Encore,Barcelona,10312,1388,7,198.29,4.5
2024-12-31,4413,Norwegian Cruise Line,Norwegian Encore,St. Thomas,10313,1936,7,276.57,4.6
2025-01-07,4414,Norwegian Cruise Line,Norwegian Encore,Barcelona,10314,1655,10,165.5,4.8
2025-01-14,4415,Carnival Cruise Line,Carnival Mardi Gras,Athens,10315,2047,5,409.4,4.8
2025-01-21,4416,MSC Cruises,MSC Seaside,Barcelona,10316,2045,8,255.62,4.8
2025-01-28,4417,MSC Cruises,MSC Seaside,Barcelona,10317,1283,10,128.3,4.1
2025-02-04,4418,Carnival Cruise Line,Carnival Mardi Gras,Bahamas,10318,1717,10,171.7,4.7
2025-02-11,4419,Royal Caribbean,Wonder of the Seas,Athens,10319,1009,10,100.9,4.9
2025-02-18,4420,Celebrity Cruises,Celebrity Apex,Barcelona,10320,1562,10,156.2,4.1
2025-02-25,4421,Celebrity Cruises,Celebrity Apex,Barcelona,10321,828,8,103.5,4.0
2025-03-04,4422,Carnival Cruise Line,Carnival Mardi Gras,Santorini,10322,2361,7,337.29,4.2
2025-03-11,4423,Norwegian Cruise Line,Norwegian Encore,St. Thomas,10323,1922,10,192.2,4.5
2025-03-18,4424,Celebrity Cruises,Celebrity Apex,St. Thomas,10324,1683,8,210.38,4.8
2025-03-25,4425,MSC Cruises,MSC Seaside,Santorini,10325,1648,8,206.0,5.0
2025-04-01,4426,MSC Cruises,MSC Seaside,St. Thomas,10326,1102,5,220.4,4.4
2025-04-08,4427,Carnival Cruise Line,Carnival Mardi Gras,Barcelona,10327,2276,7,325.14,5.0
2025-04-15,4428,Royal Caribbean,Wonder of the Seas,Athens,10328,1733,10,173.3,4.2
2025-04-22,4429,Celebrity Cruises,Celebrity Apex,Santorini,10329,1808,10,180.8,4.7
2025-04-29,4430,MSC Cruises,MSC Seaside,Athens,10330,1291,8,161.38,4.5
2025-05-06,4431,MSC Cruises,MSC Seaside,Bahamas,10331,2132,5,426.4,4.2
2025-05-13,4432,Carnival Cruise Line,Carnival Mardi Gras,Athens,10332,998,10,99.8,4.6
2025-05-20,4433,MSC Cruises,MSC Seaside,St. Thomas,10333,1177,10,117.7,4.6
2025-05-27,4434,Royal Caribbean,Wonder of the Seas,Bahamas,10334,2059,7,294.14,4.2
2025-06-03,4435,Royal Caribbean,Wonder of the Seas,Bahamas,10335,1525,10,152.5,4.6
2025-06-10,4436,Celebrity Cruises,Celebrity Apex,Athens,10336,1383,10,138.3,4.3
2025-06-17,4437,Celebrity Cruises,Celebrity Apex,Bahamas,10337,1073,10,107.3,4.7
2025-06-24,4438,Norwegian Cruise Line,Norwegian Encore,Santorini,10338,1528,5,305.6,4.9
2025-07-01,4439,Royal Caribbean,Wonder of the Seas,Santorini,10339,1911,7,273.0,4.1
2025-07-08,4440,MSC Cruises,MSC Seaside,Bahamas,10340,2286,7,326.57,4.5
2025-07-15,4441,MSC Cruises,MSC Seaside,Barcelona,10341,1513,5,302.6,4.8
2025-07-22,4442,Norwegian Cruise Line,Norwegian Encore,Barcelona,10342,801,5,160.2,4.5
2025-07-29,4443,Royal Caribbean,Wonder of the Seas,St. Thomas,10343,1388,7,198.29,4.1
2025-08-05,4444,Norwegian Cruise Line,Norwegian Encore,Athens,10344,921,7,131.57,4.8
2025-08-12,4445,Norwegian Cruise Line,Norwegian Encore,Athens,10345,1227,8,153.38,4.1
2025-08-19,4446,Carnival Cruise Line,Carnival Mardi Gras,St. Thomas,10346,1434,8,179.25,4.0
2025-08-26,4447,Royal Caribbean,Wonder of the Seas,Bahamas,10347,1515,7,216.43,4.9
2025-09-02,4448,Norwegian Cruise Line,Norwegian Encore,Barcelona,10348,1907,7,272.43,4.3
2025-09-09,4449,Carnival Cruise Line,Carnival Mardi Gras,Santorini,10349,1007,10,100.7,4.5
2025-09-16,4450,Norwegian Cruise Line,Norwegian Encore,Athens,10350,1314,8,164.25,4.0
2025-09-23,4451,MSC Cruises,MSC Seaside,Athens,10351,1770,7,252.86,4.7
2025-09-30,4452,MSC Cruises,MSC Seaside,Barcelona,10352,2360,5,472.0,4.9
2025-10-07,4453,Norwegian Cruise Line,Norwegian Encore,Santorini,10353,1549,8,193.62,4.3
2025-10-14,4454,Celebrity Cruises,Celebrity Apex,St. Thomas,10354,1087,8,135.88,4.5
2025-10-21,4455,Norwegian Cruise Line,Norwegian Encore,Athens,10355,1461,8,182.62,4.3
2025-10-28,4456,Royal Caribbean,Wonder of the Seas,Santorini,10356,1723,8,215.38,4.2
2025-11-04,4457,Carnival Cruise Line,Carnival Mardi Gras,St. Thomas,10357,2030,5,406.0,4.3
2025-11-11,4458,MSC Cruises,MSC Seaside,Bahamas,10358,958,7,136.86,4.4
2025-11-18,4459,MSC Cruises,MSC Seaside,St. Thomas,10359,1531,10,153.1,4.4
2025-11-25,4460,MSC Cruises,MSC Seaside,Barcelona,10360,2385,10,238.5,4.9
2025-12-02,4461,Royal Caribbean,Wonder of the Seas,Barcelona,10361,1940,7,277.14,4.4
2025-12-09,4462,MSC Cruises,MSC Seaside,Athens,10362,2241,8,280.12,4.8
2025-12-16,4463,Norwegian Cruise Line,Norwegian Encore,Santorini,10363,985,8,123.12,4.9
2025-12-23,4464,MSC Cruises,MSC Seaside,Santorini,10364,1329,5,265.8,4.6
2025-12-30,4465,Royal Caribbean,Wonder of the Seas,Santorini,10365,2343,7,334.71,4.4
